{
  "alias" : "sk-submit",
  "name" : "sk-submit",
  "annotation" : "",
  "keywords" : [ ],
  "description" : "",
  "inputs" : {
    "program" : {
      "title" : "cpp program to run on SK cluster",
      "description" : "",
      "type" : "string",
      "format" : "uri",
      "viewType" : "input",
      "required" : true
    }
  },
  "outputs" : {
    "info" : {
      "title" : "submit operation information ",
      "description" : "",
      "type" : "string",
      "format" : "",
      "required" : false
    },
    "taskID" : {
      "title" : "task identifier",
      "description" : "",
      "type" : "number",
      "required" : false
    }
  },
  "type" : "application",
  "config" : {
    "command" : "bash -c $HOME/sk-home/submit",
    "inputMappings" : [ {
      "param" : "program",
      "file" : "program.cpp",
      "pattern" : ""
    } ],
    "outputMappings" : [ {
      "param" : "info",
      "file" : "stdout",
      "pattern" : ""
    } ],
    "resourceRequirements" : {
      "nodes" : {
        "defaultValue" : 1,
        "allowOverride" : false
      },
      "coresPerNode" : {
        "defaultValue" : 1,
        "allowOverride" : false
      },
      "memoryPerCore" : {
        "defaultValue" : 1,
        "allowOverride" : false
      },
      "timeLimit" : {
        "defaultValue" : 1,
        "allowOverride" : false
      }
    }
  },
  "retryFailedTasks" : false,
  "files" : [ ],
  "version" : "1.0.0"
}