{
  "alias" : "sk-status",
  "name" : "sk-status",
  "annotation" : "",
  "keywords" : [ ],
  "description" : "",
  "inputs" : {
    "taskID" : {
      "title" : "task identifier",
      "description" : "",
      "type" : "number",
      "minimum" : 0,
      "maximum" : 99999,
      "required" : true
    }
  },
  "outputs" : {
    "info" : {
      "title" : "status operation information",
      "description" : "",
      "type" : "string",
      "format" : "",
      "required" : false
    }
  },
  "type" : "application",
  "config" : {
    "command" : "bash -c $HOME/sk-home/status",
    "inputMappings" : [ {
      "param" : "taskID",
      "file" : "tasknum.txt",
      "pattern" : ""
    } ],
    "outputMappings" : [ {
      "param" : "info",
      "file" : "stdout",
      "pattern" : ""
    } ],
    "resourceRequirements" : {
      "nodes" : {
        "defaultValue" : 1,
        "allowOverride" : false
      },
      "coresPerNode" : {
        "defaultValue" : 1,
        "allowOverride" : false
      },
      "memoryPerCore" : {
        "defaultValue" : 1,
        "allowOverride" : false
      },
      "timeLimit" : {
        "defaultValue" : 1,
        "allowOverride" : false
      }
    }
  },
  "retryFailedTasks" : false,
  "files" : [ ],
  "version" : "1.0.0"
}